-- Inserciones para la tabla nombre_entidad_responsable
INSERT INTO nombre_entidad_responsable (id_entidad_responsable, nombre) VALUES
(1, 'Ministerio del Medio Ambiente'),
(2, 'Dirección General de Parques Naturales'),
(3, 'Administración de Parques Nacionales'),
(4, 'Departamento de Conservación de Especies'),
(5, 'Oficina de Investigación Ambiental'),
(6, 'División de Gestión de Visitantes'),
(7, 'Secretaría de Recursos Naturales'),
(8, 'Comisión de Protección de Áreas Naturales'),
(9, 'Instituto de Biodiversidad'),
(10, 'Centro de Monitoreo Ecológico'),
(11, 'Fundación para la Conservación de la Naturaleza'),
(12, 'Asociación de Guardaparques'),
(13, 'Organización de Desarrollo Sostenible'),
(14, 'Corporación de Parques y Vida Silvestre'),
(15, 'Unidad de Manejo de Alojamientos'),
(16, 'Dirección de Educación Ambiental'),
(17, 'Comité de Investigación Científica'),
(18, 'Oficina de Relaciones Internacionales'),
(19, 'Departamento de Planificación Estratégica'),
(20, 'División de Finanzas y Presupuesto'),
(21, 'Secretaría de Turismo Ecológico'),
(22, 'Comisión de Emergencias Ambientales'),
(23, 'Instituto de Investigación en Ecología'),
(24, 'Centro de Visitantes del Parque Nacional'),
(25, 'Fundación Amigos de los Parques'),
(26, 'Asociación de Guías Turísticos'),
(27, 'Organización de Voluntarios Ambientales'),
(28, 'Corporación de Desarrollo Comunitario'),
(29, 'Unidad de Comunicaciones'),
(30, 'Dirección de Recursos Humanos'),
(31, 'Comité de Ética Ambiental'),
(32, 'Oficina de Tecnología de la Información'),
(33, 'Departamento de Logística'),
(34, 'División de Seguridad y Vigilancia'),
(35, 'Secretaría de Relaciones Públicas'),
(36, 'Comisión de Evaluación de Proyectos'),
(37, 'Instituto de Cambio Climático'),
(38, 'Centro de Interpretación Ambiental'),
(39, 'Fundación para la Educación Ecológica'),
(40, 'Asociación de Investigadores Ambientales'),
(41, 'Organización de Conservación Marina'),
(42, 'Corporación de Desarrollo Rural'),
(43, 'Unidad de Gestión de Residuos'),
(44, 'Dirección de Innovación y Sostenibilidad'),
(45, 'Comité de Participación Ciudadana'),
(46, 'Oficina de Asuntos Legales'),
(47, 'Departamento de Cooperación Internacional'),
(48, 'División de Recursos Naturales'),
(49, 'Secretaría de Políticas Ambientales'),
(50, 'Comisión de Desarrollo Sostenible');


-- Inserciones para la tabla departamento
INSERT INTO departamento (id_departamento, nombre) VALUES
(1, 'Amazonas'),
(2, 'Antioquia'),
(3, 'Arauca'),
(4, 'Atlántico'),
(5, 'Bolívar'),
(6, 'Boyacá'),
(7, 'Caldas'),
(8, 'Caquetá'),
(9, 'Casanare'),
(10, 'Cauca'),
(11, 'Cesar'),
(12, 'Chocó'),
(13, 'Córdoba'),
(14, 'Cundinamarca'),
(15, 'Guainía'),
(16, 'Guaviare'),
(17, 'Huila'),
(18, 'La Guajira'),
(19, 'Magdalena'),
(20, 'Meta'),
(21, 'Nariño'),
(22, 'Norte de Santander'),
(23, 'Putumayo'),
(24, 'Quindío'),
(25, 'Risaralda'),
(26, 'San Andrés y Providencia'),
(27, 'Santander'),
(28, 'Sucre'),
(29, 'Tolima'),
(30, 'Valle del Cauca'),
(31, 'Vaupés'),
(32, 'Vichada'),
(33, 'Bogotá D.C.'),
(34, 'Altamira'),
(35, 'Aurora'),
(36, 'Cielo Azul'),
(37, 'Dorado'),
(38, 'Esmeralda'),
(39, 'Floral'),
(40, 'Granada'),
(41, 'Horizonte'),
(42, 'Isla Dorada'),
(43, 'Jazmín'),
(44, 'Luna'),
(45, 'Montaña'),
(46, 'Neblina'),
(47, 'Ocaso'),
(48, 'Paraíso'),
(49, 'Quetzal'),
(50, 'Rayo');


-- Inserciones para la tabla parques
INSERT INTO parques (id_parque, nombre, fecha_declaracion) VALUES
(1, 'Parque Nacional Natural Amacayacu', '1975-03-25 00:00:00'),
(2, 'Parque Nacional Natural Tayrona', '1964-04-24 00:00:00'),
(3, 'Parque Nacional Natural Los Nevados', '1974-04-30 00:00:00'),
(4, 'Parque Nacional Natural Sierra Nevada', '1964-05-04 00:00:00'),
(5, 'Parque Nacional Natural El Cocuy', '1977-05-02 00:00:00'),
(6, 'Parque Nacional Natural Chingaza', '1977-06-04 00:00:00'),
(7, 'Parque Nacional Natural Farallones', '1968-07-15 00:00:00'),
(8, 'Parque Nacional Natural Puracé', '1961-12-21 00:00:00'),
(9, 'Parque Nacional Natural Macuira', '1977-05-24 00:00:00'),
(10, 'Parque Nacional Corales Rosario', '1977-05-19 00:00:00'),
(11, 'Parque Nacional Natural Gorgona', '1984-07-25 00:00:00'),
(12, 'Parque Nacional Serranía Chiribiquete', '1989-09-21 00:00:00'),
(13, 'Parque Nacional Natural Utría', '1987-03-20 00:00:00'),
(14, 'Parque Nacional Natural Cahuinarí', '1987-06-05 00:00:00'),
(15, 'Parque Nacional Natural La Paya', '1984-06-25 00:00:00'),
(16, 'Parque Nacional Natural Tinigua', '1989-01-15 00:00:00'),
(17, 'Parque Nacional Catatumbo Barí', '1989-08-22 00:00:00'),
(18, 'Parque Nacional Alto Fragua Indi-Wasi', '2002-02-14 00:00:00'),
(19, 'Parque Nacional Natural Río Puré', '2002-07-17 00:00:00'),
(20, 'Parque Nacional Yaigojé Apaporis', '2009-10-27 00:00:00'),
(21, 'Parque Nacional Serranía Yariguíes', '2005-02-28 00:00:00'),
(22, 'Parque Nacional Selva Florencia', '2005-03-15 00:00:00'),
(23, 'Parque Nacional Complejo Doña Juana', '2007-09-25 00:00:00'),
(24, 'Parque Nacional Serranía Churumbelos', '2007-08-30 00:00:00'),
(25, 'Parque Nacional Bahía Portete', '2014-12-10 00:00:00'),
(26, 'Parque Nacional Orito Ingi-Ande', '2013-06-12 00:00:00'),
(27, 'Parque Nacional Natural Pisba', '1977-07-14 00:00:00'),
(28, 'Parque Nacional Cordillera Picachos', '1977-08-20 00:00:00'),
(29, 'Parque Nacional Las Orquídeas', '1974-03-22 00:00:00'),
(30, 'Parque Nacional Natural Paramillo', '1977-05-12 00:00:00'),
(31, 'Parque Nacional Ensenada de Utría', '1987-03-20 00:00:00'),
(32, 'Parque Nacional Natural Los Katíos', '1974-08-06 00:00:00'),
(33, 'Parque Nacional Sierra Macarena', '1971-06-12 00:00:00'),
(34, 'Parque Nacional Natural El Tuparro', '1982-06-18 00:00:00'),
(35, 'Parque Nacional Serranía Lindosa', '2020-05-15 00:00:00'),
(36, 'Parque Nacional Bosque de Niebla', '1995-09-10 00:00:00'),
(37, 'Parque Nacional Valle del Cocora', '1985-07-20 00:00:00'),
(38, 'Parque Nacional Llanos de Yari', '2008-11-25 00:00:00'),
(39, 'Parque Nacional Serranía Perijá', '2009-03-30 00:00:00'),
(40, 'Parque Nacional Cañón Río Claro', '2010-06-12 00:00:00'),
(41, 'Parque Nacional Montecristo', '2011-08-18 00:00:00'),
(42, 'Parque Nacional Laguna Cocha', '1977-05-19 00:00:00'),
(43, 'Parque Nacional Isla Salamanca', '1964-06-29 00:00:00'),
(44, 'Parque Nacional Ciénaga Santa Marta', '1977-05-19 00:00:00'),
(45, 'Parque Nacional Los Flamencos', '1977-05-19 00:00:00'),
(46, 'Parque Nacional Santuario Galeras', '1985-03-28 00:00:00'),
(47, 'Parque Nacional Santuario Iguaque', '1977-05-19 00:00:00'),
(48, 'Parque Nacional Santuario Otún', '1996-02-22 00:00:00'),
(49, 'Parque Nacional Santuario Malpelo', '1995-06-12 00:00:00'),
(50, 'Parque Nacional Santuario Colorados', '1977-05-19 00:00:00');



-- Inserciones para la tabla parques_departamento
INSERT INTO parques_departamento (id_parque, id_departamento) VALUES
(1, 1),
(2, 19),
(3, 7),
(3, 24),
(3, 25),
(3, 29),
(4, 19),
(4, 18),
(4, 11),
(5, 6),
(5, 3),
(5, 9),
(6, 14),
(6, 20),
(7, 30),
(8, 10),
(8, 17),
(9, 18),
(10, 5),
(10, 28),
(11, 10),
(12, 8),
(12, 16),
(13, 12),
(14, 1),
(15, 23),
(16, 20),
(17, 22),
(18, 8),
(19, 1),
(20, 31),
(20, 1),
(21, 27),
(22, 7),
(23, 21),
(23, 10),
(24, 10),
(24, 23),
(25, 18),
(26, 23),
(27, 6),
(28, 20),
(28, 8),
(29, 2),
(30, 13),
(30, 2),
(31, 12),
(32, 12),
(32, 2),
(33, 20),
(34, 32),
(35, 16),
(36, 30),
(37, 24),
(38, 20),
(38, 8),
(39, 11),
(39, 18),
(40, 2),
(41, 2),
(42, 21),
(43, 19),
(44, 19),
(45, 18),
(46, 21),
(47, 6),
(48, 25),
(49, 30),
(50, 5);












-- Inserciones para la tabla responsabilidad
INSERT INTO responsabilidad (id_entidad, id_entidad_responsable, id_departamento, id_parques) VALUES
(1, 1, 1, 1),
(2, 1, 19, 2),
(3, 1, 7, 3),
(4, 2, 19, 4),
(5, 2, 6, 5),
(6, 2, 14, 6),
(7, 3, 30, 7),
(8, 3, 10, 8),
(9, 3, 18, 9),
(10, 4, 5, 10),
(11, 4, 10, 11),
(12, 4, 8, 12),
(13, 5, 12, 13),
(14, 5, 1, 14),
(15, 5, 23, 15),
(16, 6, 20, 16),
(17, 6, 22, 17),
(18, 6, 8, 18),
(19, 7, 1, 19),
(20, 7, 31, 20),
(21, 7, 27, 21),
(22, 8, 7, 22),
(23, 8, 21, 23),
(24, 8, 10, 24),
(25, 9, 18, 25),
(26, 9, 23, 26),
(27, 9, 6, 27),
(28, 10, 20, 28),
(29, 10, 2, 29),
(30, 10, 13, 30),
(31, 31, 12, 31),
(32, 32, 12, 32),
(33, 33, 20, 33),
(34, 34, 32, 34),
(35, 35, 16, 35),
(36, 36, 30, 36),
(37, 37, 24, 37),
(38, 38, 20, 38),
(39, 39, 11, 39),
(40, 40, 2, 40),
(41, 41, 2, 41),
(42, 42, 21, 42),
(43, 43, 19, 43),
(44, 44, 19, 44),
(45, 45, 18, 45),
(46, 46, 21, 46),
(47, 47, 6, 47),
(48, 48, 25, 48),
(49, 49, 30, 49),
(50, 50, 5, 50),
(51,1,7,1);

-- Inserciones para la tabla categoria
INSERT INTO categoria (id_categoria, nombre) VALUES
(1, 'Ecolodge'),
(2, 'Cabañas'),
(3, 'Camping'),
(4, 'Glamping'),
(5, 'Hostal'),
(6, 'Hotel'),
(7, 'Refugio'),
(8, 'Albergue'),
(9, 'Bungalows'),
(10, 'Ecohotel'),
(11, 'Posada'),
(12, 'Casa rural'),
(13, 'Apartamentos'),
(14, 'Villas'),
(15, 'Chalets'),
(16, 'Eco-cabañas'),
(17, 'Tiendas de campaña'),
(18, 'Domo'),
(19, 'Cabañas en los árboles'),
(20, 'Eco-villas'),
(21, 'Lodge de montaña'),
(22, 'Lodge de selva'),
(23, 'Cabañas rústicas'),
(24, 'Cabañas modernas'),
(25, 'Cabañas familiares'),
(26, 'Cabañas para parejas'),
(27, 'Cabañas con jacuzzi'),
(28, 'Cabañas con vista al mar'),
(29, 'Cabañas con vista a la montaña'),
(30, 'Cabañas con piscina'),
(31, 'Cabañas con chimenea'),
(32, 'Cabañas con terraza'),
(33, 'Cabañas con cocina'),
(34, 'Cabañas con desayuno incluido'),
(35, 'Cabañas todo incluido'),
(36, 'Cabañas económicas'),
(37, 'Cabañas de lujo'),
(38, 'Cabañas premium'),
(39, 'Cabañas ecológicas'),
(40, 'Cabañas sostenibles'),
(41, 'Cabañas con energía solar'),
(42, 'Cabañas con reciclaje'),
(43, 'Cabañas con huerta orgánica'),
(44, 'Cabañas con spa'),
(45, 'Cabañas con yoga'),
(46, 'Cabañas con actividades guiadas'),
(47, 'Cabañas con tours incluidos'),
(48, 'Cabañas con acceso a río'),
(49, 'Cabañas con acceso a playa'),
(50, 'Cabañas con acceso a senderos');


-- Inserciones para la tabla alojamiento
INSERT INTO alojamiento (id_alojamiento, descripcion, capacidad, id_categoria, id_parque) VALUES
(1, 'Ecolodge con vista al río Amazonas', 20, 1, 1),
(2, 'Cabañas rústicas en medio de la selva', 10, 23, 1),
(3, 'Camping cerca de la playa', 50, 3, 2),
(4, 'Glamping con domos de lujo', 15, 4, 2),
(5, 'Hostal ecológico en las montañas', 30, 5, 3),
(6, 'Hotel boutique con vista a los nevados', 40, 6, 3),
(7, 'Refugio de montaña para excursionistas', 25, 7, 4),
(8, 'Albergue familiar en la Sierra Nevada', 35, 8, 4),
(9, 'Bungalows con piscina y jacuzzi', 12, 9, 5),
(10, 'Ecohotel con energía solar', 18, 10, 5),
(11, 'Posada tradicional cerca del parque', 22, 11, 6),
(12, 'Casa rural con huerta orgánica', 8, 12, 6),
(13, 'Apartamentos con cocina y terraza', 16, 13, 7),
(14, 'Villas de lujo con vista al mar', 10, 14, 7),
(15, 'Chalets familiares en la selva', 14, 15, 8),
(16, 'Eco-cabañas con acceso a senderos', 12, 16, 8),
(17, 'Tiendas de campaña para aventureros', 30, 17, 9),
(18, 'Domo con vista a las estrellas', 6, 18, 9),
(19, 'Cabañas en los árboles', 8, 19, 10),
(20, 'Eco-villas con spa y yoga', 10, 20, 10),
(21, 'Lodge de montaña con chimenea', 15, 21, 11),
(22, 'Lodge de selva con tours incluidos', 20, 22, 11),
(23, 'Cabañas rústicas con acceso a río', 12, 23, 12),
(24, 'Cabañas modernas con desayuno incluido', 10, 24, 12),
(25, 'Cabañas familiares con actividades guiadas', 16, 25, 13),
(26, 'Cabañas para parejas con jacuzzi', 4, 26, 13),
(27, 'Cabañas con vista al mar', 8, 28, 14),
(28, 'Cabañas con vista a la montaña', 10, 29, 14),
(29, 'Cabañas con piscina y terraza', 12, 30, 15),
(30, 'Cabañas con chimenea y cocina', 8, 31, 15),
(31, 'Cabañas con acceso a playa', 10, 49, 16),
(32, 'Cabañas con acceso a senderos', 12, 50, 16),
(33, 'Cabañas económicas para mochileros', 20, 36, 17),
(34, 'Cabañas de lujo con spa', 8, 37, 17),
(35, 'Cabañas premium con tours incluidos', 10, 38, 18),
(36, 'Cabañas ecológicas con reciclaje', 12, 39, 18),
(37, 'Cabañas sostenibles con energía solar', 10, 40, 19),
(38, 'Cabañas con huerta orgánica', 8, 43, 19),
(39, 'Cabañas con actividades guiadas', 12, 46, 20),
(40, 'Cabañas con tours incluidos', 10, 47, 20),
(41, 'Cabañas con acceso a río', 8, 48, 21),
(42, 'Cabañas con acceso a playa', 10, 49, 21),
(43, 'Cabañas con acceso a senderos', 12, 50, 22),
(44, 'Cabañas con desayuno incluido', 10, 34, 22),
(45, 'Cabañas todo incluido', 8, 35, 23),
(46, 'Cabañas con yoga y spa', 10, 45, 23),
(47, 'Cabañas con actividades guiadas', 12, 46, 24),
(48, 'Cabañas con tours incluidos', 10, 47, 24),
(49, 'Cabañas con acceso a río', 8, 48, 25),
(50, 'Cabañas con acceso a playa', 10, 49, 25),
(51, 'Cabañas con energía solar y reciclaje', 10, 41, 26),
(52, 'Cabañas con huerta orgánica y actividades guiadas', 12, 43, 26),
(53, 'Cabañas con spa y yoga', 8, 44, 27),
(54, 'Cabañas con acceso a senderos y tours incluidos', 10, 50, 27),
(55, 'Cabañas con vista al mar y piscina', 12, 28, 28),
(56, 'Cabañas con vista a la montaña y chimenea', 10, 29, 28),
(57, 'Cabañas con terraza y cocina', 8, 32, 29),
(58, 'Cabañas con desayuno incluido y acceso a río', 10, 34, 29),
(59, 'Cabañas todo incluido con actividades guiadas', 12, 35, 30),
(60, 'Cabañas con yoga y spa', 8, 45, 30),
(61, 'Cabañas con acceso a playa y tours incluidos', 10, 49, 31),
(62, 'Cabañas con acceso a senderos y huerta orgánica', 12, 50, 31),
(63, 'Cabañas con energía solar y reciclaje', 10, 41, 32),
(64, 'Cabañas con huerta orgánica y actividades guiadas', 12, 43, 32),
(65, 'Cabañas con spa y yoga', 8, 44, 33),
(66, 'Cabañas con acceso a senderos y tours incluidos', 10, 50, 33),
(67, 'Cabañas con vista al mar y piscina', 12, 28, 34),
(68, 'Cabañas con vista a la montaña y chimenea', 10, 29, 34),
(69, 'Cabañas con terraza y cocina', 8, 32, 35),
(70, 'Cabañas con desayuno incluido y acceso a río', 10, 34, 35),
(71, 'Cabañas todo incluido con actividades guiadas', 12, 35, 36),
(72, 'Cabañas con yoga y spa', 8, 45, 36),
(73, 'Cabañas con acceso a playa y tours incluidos', 10, 49, 37),
(74, 'Cabañas con acceso a senderos y huerta orgánica', 12, 50, 37),
(75, 'Cabañas con energía solar y reciclaje', 10, 41, 38),
(76, 'Cabañas con huerta orgánica y actividades guiadas', 12, 43, 38),
(77, 'Cabañas con spa y yoga', 8, 44, 39),
(78, 'Cabañas con acceso a senderos y tours incluidos', 10, 50, 39),
(79, 'Cabañas con vista al mar y piscina', 12, 28, 40),
(80, 'Cabañas con vista a la montaña y chimenea', 10, 29, 40),
(81, 'Cabañas con terraza y cocina', 8, 32, 41),
(82, 'Cabañas con desayuno incluido y acceso a río', 10, 34, 41),
(83, 'Cabañas todo incluido con actividades guiadas', 12, 35, 42),
(84, 'Cabañas con yoga y spa', 8, 45, 42),
(85, 'Cabañas con acceso a playa y tours incluidos', 10, 49, 43),
(86, 'Cabañas con acceso a senderos y huerta orgánica', 12, 50, 43),
(87, 'Cabañas con energía solar y reciclaje', 10, 41, 44),
(88, 'Cabañas con huerta orgánica y actividades guiadas', 12, 43, 44),
(89, 'Cabañas con spa y yoga', 8, 44, 45),
(90, 'Cabañas con acceso a senderos y tours incluidos', 10, 50, 45),
(91, 'Cabañas con vista al mar y piscina', 12, 28, 46),
(92, 'Cabañas con vista a la montaña y chimenea', 10, 29, 46),
(93, 'Cabañas con terraza y cocina', 8, 32, 47),
(94, 'Cabañas con desayuno incluido y acceso a río', 10, 34, 47),
(95, 'Cabañas todo incluido con actividades guiadas', 12, 35, 48),
(96, 'Cabañas con yoga y spa', 8, 45, 48),
(97, 'Cabañas con acceso a playa y tours incluidos', 10, 49, 49),
(98, 'Cabañas con acceso a senderos y huerta orgánica', 12, 50, 49),
(99, 'Cabañas con energía solar y reciclaje', 10, 41, 50),
(100, 'Cabañas con huerta orgánica y actividades guiadas', 12, 43, 50);



-- Inserciones para la tabla profesion
INSERT INTO profesion (id_profesion, nombre) VALUES
(1, 'Ingeniero Civil'),
(2, 'Médico'),
(3, 'Abogado'),
(4, 'Arquitecto'),
(5, 'Ingeniero de Sistemas'),
(6, 'Profesor'),
(7, 'Enfermero'),
(8, 'Contador'),
(9, 'Psicólogo'),
(10, 'Diseñador Gráfico'),
(11, 'Ingeniero Mecánico'),
(12, 'Ingeniero Eléctrico'),
(13, 'Ingeniero Químico'),
(14, 'Biólogo'),
(15, 'Químico'),
(16, 'Físico'),
(17, 'Matemático'),
(18, 'Economista'),
(19, 'Administrador de Empresas'),
(20, 'Marketing Digital'),
(21, 'Periodista'),
(22, 'Escritor'),
(23, 'Actor'),
(24, 'Músico'),
(25, 'Artista Plástico'),
(26, 'Chef'),
(27, 'Piloto'),
(28, 'Ingeniero Ambiental'),
(29, 'Geólogo'),
(30, 'Ingeniero Industrial'),
(31, 'Ingeniero de Software'),
(32, 'Desarrollador Web'),
(33, 'Analista de Datos'),
(34, 'Científico de Datos'),
(35, 'Ingeniero Biomédico'),
(36, 'Dentista'),
(37, 'Veterinario'),
(38, 'Farmacéutico'),
(39, 'Sociólogo'),
(40, 'Antropólogo'),
(41, 'Historiador'),
(42, 'Filósofo'),
(43, 'Traductor'),
(44, 'Intérprete'),
(45, 'Ingeniero Agrónomo'),
(46, 'Agrónomo'),
(47, 'Ingeniero Forestal'),
(48, 'Ecólogo'),
(49, 'Oceanógrafo'),
(50, 'Meteorólogo');


-- Inserciones para la tabla visitantes
INSERT INTO visitantes (cedula, nombre, apellido, direccion, id_profesion) VALUES
(12345678, 'Carlos', 'Gómez', 'Carrera 789', 3),
(23456789, 'María', 'López', 'Avenida 456', 2),
(34567890, 'Juan', 'Martínez', 'Calle 123', 1),
(45678901, 'Ana', 'Rodríguez', 'Calle 012', 4),
(56789012, 'Luis', 'Hernández', 'Avenida 345', 5),
(67890123, 'Laura', 'Pérez', 'Carrera 678', 6),
(78901234, 'Pedro', 'Fernández', 'Calle 901', 7),
(89012345, 'Sofía', 'Díaz', 'Avenida 234', 8),
(90123456, 'Diego', 'Sánchez', 'Carrera 567', 9),
(10234567, 'Elena', 'Ramírez', 'Calle 890', 10),
(11234567, 'Miguel', 'Torres', 'Avenida 123', 11),
(12234567, 'Carmen', 'Flores', 'Carrera 456', 12),
(13234567, 'Jorge', 'Ruiz', 'Calle 789', 13),
(14234567, 'Patricia', 'Vargas', 'Avenida 012', 14),
(15234567, 'Ricardo', 'Mendoza', 'Carrera 345', 15),
(16234567, 'Isabel', 'Guerrero', 'Calle 678', 16),
(17234567, 'Fernando', 'Rojas', 'Avenida 901', 17),
(18234567, 'Lucía', 'Castro', 'Carrera 234', 18),
(19234567, 'Oscar', 'Ortega', 'Calle 567', 19),
(20234567, 'Adriana', 'Morales', 'Avenida 890', 20),
(21234567, 'Gabriel', 'Silva', 'Carrera 123', 21),
(22234567, 'Mónica', 'Reyes', 'Calle 456', 22),
(23234567, 'Raúl', 'Jiménez', 'Avenida 789', 23),
(24234567, 'Claudia', 'Molina', 'Carrera 012', 24),
(25234567, 'Héctor', 'Aguilar', 'Calle 345', 25),
(26234567, 'Verónica', 'Medina', 'Avenida 678', 26),
(27234567, 'Francisco', 'Vega', 'Carrera 901', 27),
(28234567, 'Daniela', 'Campos', 'Calle 234', 28),
(29234567, 'Roberto', 'Santos', 'Avenida 567', 29),
(30234567, 'Natalia', 'Cortés', 'Carrera 890', 30),
(31234567, 'Alejandro', 'Luna', 'Calle 123', 31),
(32234567, 'Beatriz', 'Espinoza', 'Avenida 456', 32),
(33234567, 'Javier', 'Delgado', 'Carrera 789', 33),
(34234567, 'Silvia', 'Paredes', 'Calle 012', 34),
(35234567, 'Arturo', 'Cabrera', 'Avenida 345', 35),
(36234567, 'Lorena', 'Navarro', 'Carrera 678', 36),
(37234567, 'Manuel', 'Fuentes', 'Calle 901', 37),
(38234567, 'Rosa', 'Miranda', 'Avenida 234', 38),
(39234567, 'Sergio', 'Valdez', 'Carrera 567', 39),
(40234567, 'Teresa', 'Cárdenas', 'Calle 890', 40),
(41234567, 'Alberto', 'León', 'Avenida 123', 41),
(42234567, 'Marina', 'Ríos', 'Carrera 456', 42),
(43234567, 'Felipe', 'Méndez', 'Calle 789', 43),
(44234567, 'Diana', 'Orozco', 'Avenida 012', 44),
(45234567, 'Gustavo', 'Acosta', 'Carrera 345', 45),
(46234567, 'Alicia', 'Mejía', 'Calle 678', 46),
(47234567, 'José', 'Ponce', 'Avenida 901', 47),
(48234567, 'Rocío', 'Salazar', 'Carrera 234', 48),
(49234567, 'Andrés', 'Zúñiga', 'Calle 567', 49),
(50234567, 'Carolina', 'González', 'Avenida 890', 50),
(51234567, 'Luis', 'Soto', 'Calle 123', 1),
(52234567, 'Marta', 'Vega', 'Avenida 456', 2),
(53234567, 'Jorge', 'Paredes', 'Carrera 789', 3),
(54234567, 'Lucía', 'Molina', 'Calle 012', 4),
(55234567, 'Roberto', 'Ríos', 'Avenida 345', 5),
(56234567, 'Ana', 'Fuentes', 'Carrera 678', 6),
(57234567, 'Carlos', 'Miranda', 'Calle 901', 7),
(58234567, 'Sofía', 'Valdez', 'Avenida 234', 8),
(59234567, 'Diego', 'Cárdenas', 'Carrera 567', 9),
(60234567, 'Elena', 'León', 'Calle 890', 10),
(61234567, 'Miguel', 'Ríos', 'Avenida 123', 11),
(62234567, 'Carmen', 'Méndez', 'Carrera 456', 12),
(63234567, 'Jorge', 'Orozco', 'Calle 789', 13),
(64234567, 'Patricia', 'Acosta', 'Avenida 012', 14),
(65234567, 'Ricardo', 'Mejía', 'Carrera 345', 15),
(66234567, 'Isabel', 'Ponce', 'Calle 678', 16),
(67234567, 'Fernando', 'Salazar', 'Avenida 901', 17),
(68234567, 'Lucía', 'Zúñiga', 'Carrera 234', 18),
(69234567, 'Oscar', 'González', 'Calle 567', 19),
(70234567, 'Adriana', 'Soto', 'Avenida 890', 20);


-- Inserciones para la tabla vehiculo
INSERT INTO vehiculo (id_vehiculo, tipo, marca) VALUES
(1, 'Automóvil', 'Toyota'),
(2, 'Camioneta', 'Ford'),
(3, 'Motocicleta', 'Honda'),
(4, 'Autobús', 'Mercedes-Benz'),
(5, 'Camión', 'Volvo'),
(6, 'Bicicleta', 'Trek'),
(7, 'Automóvil', 'Chevrolet'),
(8, 'Camioneta', 'Nissan'),
(9, 'Motocicleta', 'Yamaha'),
(10, 'Autobús', 'Scania'),
(11, 'Camión', 'MAN'),
(12, 'Bicicleta', 'Specialized'),
(13, 'Automóvil', 'Hyundai'),
(14, 'Camioneta', 'Jeep'),
(15, 'Motocicleta', 'Kawasaki'),
(16, 'Autobús', 'Volkswagen'),
(17, 'Camión', 'Iveco'),
(18, 'Bicicleta', 'Giant'),
(19, 'Automóvil', 'Kia'),
(20, 'Camioneta', 'Toyota'),
(21, 'Motocicleta', 'Suzuki'),
(22, 'Autobús', 'Renault'),
(23, 'Camión', 'Scania'),
(24, 'Bicicleta', 'Cannondale'),
(25, 'Automóvil', 'Mazda'),
(26, 'Camioneta', 'Chevrolet'),
(27, 'Motocicleta', 'Ducati'),
(28, 'Autobús', 'MAN'),
(29, 'Camión', 'Mercedes-Benz'),
(30, 'Bicicleta', 'Scott'),
(31, 'Automóvil', 'Volkswagen'),
(32, 'Camioneta', 'Ford'),
(33, 'Motocicleta', 'Harley-Davidson'),
(34, 'Autobús', 'Volvo'),
(35, 'Camión', 'Iveco'),
(36, 'Bicicleta', 'Bianchi'),
(37, 'Automóvil', 'Subaru'),
(38, 'Camioneta', 'GMC'),
(39, 'Motocicleta', 'KTM'),
(40, 'Autobús', 'Scania'),
(41, 'Camión', 'Volvo'),
(42, 'Bicicleta', 'Merida'),
(43, 'Automóvil', 'Audi'),
(44, 'Camioneta', 'Ram'),
(45, 'Motocicleta', 'BMW'),
(46, 'Autobús', 'MAN'),
(47, 'Camión', 'Scania'),
(48, 'Bicicleta', 'Orbea'),
(49, 'Automóvil', 'BMW'),
(50, 'Camioneta', 'Toyota');


-- tipo personal
INSERT INTO tipo_personal (id_tipo_personal, nombre) VALUES
(1, 'Personal de Gestión'),
(2, 'Personal de Vigilancia'),
(3, 'Personal de Conservación'),
(4, 'Personal de Investigación');



INSERT INTO personal (cedula, nombre, apellido, direccion, telefono, movil, sueldo, id_tipo_personal) VALUES
(123456789, 'Juan', 'Gómez', 'Calle 123, Bogotá', '6011234567', '3001234567', 2500000.00, 1),
(154567890, 'María', 'López', 'Carrera 45, Medellín', '6042345678', '3002345678', 2800000.00, 2),
(645678901, 'Carlos', 'Martínez', 'Avenida 67, Cali', '6023456789', '3003456789', 2300000.00, 3),
(756789012, 'Ana', 'Gómez', 'Calle 89, Barranquilla', '6054567890', '3004567890', 2600000.00, 4),
(867890123, 'Luis', 'Rodríguez', 'Carrera 12, Cartagena', '6035678901', '3005678901', 2700000.00, 1),
(878901234, 'Laura', 'Hernández', 'Avenida 34, Bucaramanga', '6076789012', '3006789012', 2400000.00, 2),
(989012745, 'Pedro', 'Díaz', 'Calle 56, Pereira', '6067890123', '3007890123', 2900000.00, 3),
(990123456, 'Sofía', 'García', 'Carrera 78, Manizales', '6088901234', '3008901234', 2200000.00, 4),
(401234567, 'Jorge', 'Fernández', 'Avenida 90, Pasto', '6029012345', '3009012345', 2500000.00, 1),
(501234567, 'Carmen', 'Sánchez', 'Calle 11, Cúcuta', '6070123456', '3010123456', 2600000.00, 2),
(412345678, 'Diego', 'Ramírez', 'Carrera 22, Ibagué', '6031234567', '3011234567', 2300000.00, 3),
(523456780, 'Paula', 'Torres', 'Avenida 33, Neiva', '6052345678', '3012345678', 2800000.00, 4),
(434567890, 'Andrés', 'Jiménez', 'Calle 44, Villavicencio', '6013456789', '3013456789', 2400000.00, 1),
(445678908, 'Lucía', 'Ruiz', 'Carrera 55, Popayán', '6044567890', '3014567890', 2700000.00, 2),
(656789012, 'Gabriel', 'Vargas', 'Avenida 66, Montería', '6025678901', '3015678901', 2500000.00, 3),
(767890123, 'Valentina', 'Moreno', 'Calle 77, Valledupar', '6076789012', '3016789012', 2600000.00, 4),
(478901234, 'Felipe', 'Ortiz', 'Carrera 88, Santa Marta', '6067890123', '3017890123', 2200000.00, 1),
(289012345, 'Isabella', 'Gutiérrez', 'Avenida 99, Armenia', '6088901234', '3018901234', 2900000.00, 2),
(220123456, 'Daniel', 'Castro', 'Calle 10, Sincelejo', '6029012345', '3019012345', 2300000.00, 3),
(331234567, 'Camila', 'Rojas', 'Carrera 20, Tunja', '6070123456', '3020123456', 2400000.00, 4),
(772345678, 'Alejandro', 'Mendoza', 'Calle 21, Bogotá', '6012345678', '3021234567', 2600000.00, 1),
(993456789, 'Mariana', 'Castro', 'Carrera 32, Medellín', '6043456789', '3022345678', 2700000.00, 2),
(114567890, 'Roberto', 'Gómez', 'Avenida 43, Cali', '6024567890', '3023456789', 2400000.00, 3),
(445678901, 'Lucía', 'Hernández', 'Calle 54, Barranquilla', '6055678901', '3024567890', 2500000.00, 4),
(976789012, 'Felipe', 'Díaz', 'Carrera 65, Cartagena', '6036789012', '3025678901', 2800000.00, 1),
(787890123, 'Valeria', 'Torres', 'Avenida 76, Bucaramanga', '6077890123', '3026789012', 2300000.00, 2),
(148901234, 'Julián', 'Sánchez', 'Calle 87, Pereira', '6068901234', '3027890123', 2600000.00, 3),
(229012345, 'Camila', 'Ramírez', 'Carrera 98, Manizales', '6089012345', '3028901234', 2900000.00, 4),
(360123456, 'Mateo', 'Fernández', 'Avenida 109, Pasto', '6020123456', '3029012345', 2200000.00, 1),
(385234567, 'Isabella', 'Gutiérrez', 'Calle 120, Cúcuta', '6071234567', '3030123456', 2400000.00, 2),
(312345678, 'Carlos', 'Gómez', 'Calle 131, Bogotá', '6012345678', '3031234567', 2600000.00, 3),
(903456789, 'Ana', 'López', 'Carrera 232, Medellín', '6043456789', '3032345678', 2700000.00, 4),
(334567890, 'Pedro', 'Martínez', 'Avenida 333, Cali', '6024567890', '3033456789', 2400000.00, 1),
(365678901, 'Laura', 'Gómez', 'Calle 141, Bogotá', '6012345678', '3034567890', 2500000.00, 2),
(786789012, 'Diego', 'López', 'Carrera 242, Medellín', '6043456789', '3035678901', 2800000.00, 3),
(107890123, 'Sofía', 'Martínez', 'Avenida 343, Cali', '6024567890', '3036789012', 2300000.00, 4),
(308901234, 'Juan', 'Rodríguez', 'Calle 87, Pereira', '6068901234', '3037890123', 2600000.00, 1),
(989012345, 'Paula', 'Hernández', 'Carrera 98, Manizales', '6089012345', '3038901234', 2900000.00, 2),
(970123456, 'Carlos', 'Díaz', 'Avenida 109, Pasto', '6020123456', '3039012345', 2200000.00, 3),
(941234567, 'Laura', 'Sánchez', 'Calle 120, Cúcuta', '6071234567', '3040123456', 2400000.00, 4),
(922345678, 'David', 'López', 'Carrera 65, Cartagena', '6036789012', '3041234567', 2800000.00, 1),
(963456789, 'Sofía', 'Martínez', 'Avenida 76, Bucaramanga', '6077890123', '3042345678', 2300000.00, 2),
(924567890, 'Juan', 'Rodríguez', 'Calle 87, Pereira', '6068901234', '3043456789', 2600000.00, 3),
(955678901, 'Paula', 'Hernández', 'Carrera 98, Manizales', '6089012345', '3044567890', 2900000.00, 4),
(586789012, 'Carlos', 'Díaz', 'Avenida 109, Pasto', '6020123456', '3045678901', 2200000.00, 1),
(597890123, 'Laura', 'Sánchez', 'Calle 120, Cúcuta', '6071234567', '3046789012', 2400000.00, 2),
(748901234, 'David', 'López', 'Carrera 65, Cartagena', '6036789012', '3047890123', 2800000.00, 3),
(569012345, 'Sofía', 'Martínez', 'Avenida 76, Bucaramanga', '6077890123', '3048901234', 2300000.00, 4),
(520123456, 'Juan', 'Rodríguez', 'Calle 87, Pereira', '6068901234', '3049012345', 2600000.00, 1);

-- personal vehiculo
INSERT INTO personal_vehiculo (id_persona, id_vehiculo) VALUES
(123456789, 1),
(154567890, 1),
(645678901, 2),
(756789012, 3),
(867890123, 3),
(878901234, 4),
(989012745, 5),
(990123456, 5),
(401234567, 6),
(501234567, 7),
(412345678, 7),
(523456780, 8),
(434567890, 9),
(445678908, 9),
(656789012, 10),
(767890123, 11),
(478901234, 11),
(289012345, 12),
(220123456, 13),
(331234567, 13),
(772345678, 14),
(993456789, 15),
(114567890, 15),
(445678901, 16),
(976789012, 17),
(787890123, 17),
(148901234, 18),
(229012345, 19),
(360123456, 19),
(385234567, 20),
(312345678, 21),
(903456789, 21),
(334567890, 22),
(365678901, 23),
(786789012, 23),
(107890123, 24),
(308901234, 25),
(989012345, 25),
(970123456, 26),
(941234567, 27),
(922345678, 27),
(963456789, 28),
(924567890, 29),
(955678901, 29),
(586789012, 30),
(597890123, 31),
(748901234, 31),
(569012345, 32),
(520123456, 33),
(941234567, 33),
(922345678, 34),
(963456789, 35),
(924567890, 35);



INSERT INTO registro_parques (id_registro_parques, id_visitante, id_parque, id_personal, fecha) VALUES
(1, 12345678, 1, 123456789, '2024-10-01 08:30:00'),
(2, 23456789, 2, 123456789, '2023-11-01 09:15:00'),
(3, 34567890, 3, 867890123, '2023-01-02 10:00:00'),
(4, 45678901, 4, 867890123, '2023-10-02 11:45:00'),
(5, 56789012, 5, 401234567, '2023-06-03 12:30:00'),
(6, 67890123, 6, 401234567, '2023-07-03 13:15:00'),
(7, 78901234, 7, 434567890, '2023-09-04 14:00:00'),
(8, 89012345, 8, 434567890, '2023-05-04 14:45:00'),
(9, 90123456, 9, 478901234, '2023-07-05 15:30:00'),
(10, 10234567, 10, 478901234, '2023-08-05 16:15:00'),
(11, 11234567, 11, 772345678, '2023-08-06 08:30:00'),
(12, 12234567, 12, 772345678, '2020-10-06 09:15:00'),
(13, 13234567, 13, 976789012, '2020-10-07 10:00:00'),
(14, 14234567, 14, 976789012, '2020-10-07 11:45:00'),
(15, 15234567, 15, 308901234, '2020-10-08 12:30:00'),
(16, 16234567, 16, 308901234, '2021-10-08 13:15:00'),
(17, 17234567, 17, 922345678, '2021-10-09 14:00:00'),
(18, 18234567, 18, 922345678, '2021-01-09 14:45:00'),
(19, 19234567, 19, 520123456, '2022-01-10 15:30:00'),
(20, 20234567, 20, 520123456, '2022-01-10 16:15:00'),
(21, 21234567, 21, 123456789, '2022-10-11 08:30:00'),
(22, 22234567, 22, 123456789, '2022-10-11 09:15:00'),
(23, 23234567, 23, 867890123, '2023-10-12 10:00:00'),
(24, 24234567, 24, 867890123, '2024-10-12 11:45:00'),
(25, 25234567, 25, 401234567, '2024-05-13 12:30:00'),
(26, 26234567, 26, 401234567, '2024-05-13 13:15:00'),
(27, 27234567, 27, 434567890, '2024-08-14 14:00:00'),
(28, 28234567, 28, 434567890, '2023-06-14 14:45:00'),
(29, 29234567, 29, 478901234, '2023-09-15 15:30:00'),
(30, 30234567, 30, 478901234, '2023-01-15 16:15:00'),
(31, 31234567, 31, 772345678, '2023-10-16 08:30:00'),
(32, 32234567, 32, 772345678, '2023-06-16 09:15:00'),
(33, 33234567, 33, 976789012, '2023-06-17 10:00:00'),
(34, 34234567, 34, 976789012, '2023-06-17 11:45:00'),
(35, 35234567, 35, 308901234, '2023-08-18 12:30:00'),
(36, 36234567, 36, 308901234, '2023-08-18 13:15:00'),
(37, 37234567, 37, 922345678, '2023-10-19 14:00:00'),
(38, 38234567, 38, 922345678, '2023-09-19 14:45:00'),
(39, 39234567, 39, 520123456, '2009-07-20 15:30:00'),
(40, 40234567, 40, 520123456, '2023-10-20 16:15:00'),
(41, 41234567, 41, 123456789, '2004-07-21 08:30:00'),
(42, 42234567, 42, 123456789, '2004-10-21 09:15:00'),
(43, 43234567, 43, 867890123, '2023-07-22 10:00:00'),
(44, 44234567, 44, 867890123, '2023-07-22 11:45:00'),
(45, 45234567, 45, 401234567, '2022-04-23 12:30:00'),
(46, 46234567, 46, 401234567, '2023-04-23 13:15:00'),
(47, 47234567, 47, 434567890, '2023-04-24 14:00:00'),
(48, 48234567, 48, 434567890, '2024-10-24 14:45:00'),
(49, 49234567, 49, 478901234, '2024-04-25 15:30:00'),
(50, 50234567, 50, 478901234, '2024-03-25 16:15:00'),
(51, 42234567, 42, 123456789, '2025-06-09:15:00'),
(52, 42234567, 42, 123456789, '2025-05-21 09:15:00'),
(53, 43234567, 43, 867890123, '2025-08-22 10:00:00'),
(54, 44234567, 44, 867890123, '2025-05-22 11:45:00'),
(55, 45234567, 45, 401234567, '2025-06-23 12:30:00'),
(56, 46234567, 46, 401234567, '2025-06-23 13:15:00'),
(57, 47234567, 47, 434567890, '2025-08-24 14:00:00'),
(58, 48234567, 48, 434567890, '2025-07-24 14:45:00'),
(59, 49234567, 49, 478901234, '2025-06-25 15:30:00'),
(60, 50234567, 50, 478901234, '2024-05-25 16:15:00');


INSERT INTO visitante_alojamiento (id_visitante_alojamiento, fecha_entrada, fecha_salida, id_alojamiento, id_registro_parques) VALUES
(1, '2024-10-01 09:00:00', '2024-10-03 12:00:00', 1, 1),
(2, '2023-11-01 10:00:00', '2023-11-03 14:00:00', 2, 2),
(3, '2023-01-02 11:00:00', '2023-01-04 16:00:00', 3, 3),
(4, '2023-10-02 12:00:00', '2023-10-04 18:00:00', 4, 4),
(5, '2023-06-03 13:00:00', '2023-06-05 20:00:00', 5, 5),
(6, '2023-07-03 14:00:00', '2023-07-05 22:00:00', 6, 6),
(7, '2023-09-04 15:00:00', '2023-09-06 10:00:00', 7, 7),
(8, '2023-05-04 16:00:00', '2023-05-06 12:00:00', 8, 8),
(9, '2023-07-05 17:00:00', '2023-07-07 14:00:00', 9, 9),
(10, '2023-08-05 18:00:00', '2023-08-07 16:00:00', 10, 10),
(11, '2023-08-06 08:30:00', '2023-08-08 18:00:00', 11, 11),
(12, '2020-10-06 09:15:00', '2020-10-08 19:00:00', 12, 12),
(13, '2020-10-07 10:00:00', '2020-10-09 20:00:00', 13, 13),
(14, '2020-10-07 11:45:00', '2020-10-09 21:00:00', 14, 14),
(15, '2020-10-08 12:30:00', '2020-10-10 22:00:00', 15, 15),
(16, '2021-10-08 13:15:00', '2021-10-10 23:00:00', 16, 16),
(17, '2021-10-09 14:00:00', '2021-10-11 10:00:00', 17, 17),
(18, '2021-01-09 14:45:00', '2021-01-11 11:00:00', 18, 18),
(19, '2022-01-10 15:30:00', '2022-01-12 12:00:00', 19, 19),
(20, '2022-01-10 16:15:00', '2022-01-12 13:00:00', 20, 20),
(21, '2022-10-11 08:30:00', '2022-10-13 14:00:00', 21, 21),
(22, '2022-10-11 09:15:00', '2022-10-13 15:00:00', 22, 22),
(23, '2023-10-12 10:00:00', '2023-10-14 16:00:00', 23, 23),
(24, '2024-10-12 11:45:00', '2024-10-14 17:00:00', 24, 24),
(25, '2024-05-13 12:30:00', '2024-05-15 18:00:00', 25, 25),
(26, '2024-05-13 13:15:00', '2024-05-15 19:00:00', 26, 26),
(27, '2024-08-14 14:00:00', '2024-08-16 20:00:00', 27, 27),
(28, '2023-06-14 14:45:00', '2023-06-16 21:00:00', 28, 28),
(29, '2023-09-15 15:30:00', '2023-09-17 22:00:00', 29, 29),
(30, '2023-01-15 16:15:00', '2023-01-17 23:00:00', 30, 30),
(31, '2023-10-16 08:30:00', '2023-10-18 10:00:00', 31, 31),
(32, '2023-06-16 09:15:00', '2023-06-18 11:00:00', 32, 32),
(33, '2023-06-17 10:00:00', '2023-06-19 12:00:00', 33, 33),
(34, '2023-06-17 11:45:00', '2023-06-19 13:00:00', 34, 34),
(35, '2023-08-18 12:30:00', '2023-08-20 14:00:00', 35, 35),
(36, '2023-08-18 13:15:00', '2023-08-20 15:00:00', 36, 36),
(37, '2023-10-19 14:00:00', '2023-10-21 16:00:00', 37, 37),
(38, '2023-09-19 14:45:00', '2023-09-21 17:00:00', 38, 38),
(39, '2009-07-20 15:30:00', '2009-07-22 18:00:00', 39, 39),
(40, '2023-10-20 16:15:00', '2023-10-22 19:00:00', 40, 40),
(41, '2004-07-21 08:30:00', '2004-07-23 20:00:00', 41, 41),
(42, '2004-10-21 09:15:00', '2004-10-23 21:00:00', 42, 42),
(43, '2023-07-22 10:00:00', '2023-07-24 22:00:00', 43, 43),
(44, '2023-07-22 11:45:00', '2023-07-24 23:00:00', 44, 44),
(45, '2022-04-23 12:30:00', '2022-04-25 10:00:00', 45, 45),
(46, '2023-04-23 13:15:00', '2023-04-25 11:00:00', 46, 46),
(47, '2023-04-24 14:00:00', '2023-04-26 12:00:00', 47, 47),
(48, '2024-10-24 14:45:00', '2024-10-26 13:00:00', 48, 48),
(49, '2024-04-25 15:30:00', '2024-04-27 14:00:00', 49, 49),
(50, '2024-03-25 16:15:00', '2024-03-27 15:00:00', 50, 50),
(51, '2025-06-09 09:15:00', NULL, 51, 51),
(52, '2025-05-21 09:15:00', NULL, 52, 52),
(53, '2025-08-22 10:00:00', NULL, 53, 53),
(54, '2025-05-22 11:45:00', NULL, 54, 54),
(55, '2025-06-23 12:30:00', NULL, 55, 55),
(56, '2025-06-23 13:15:00', NULL, 56, 56),
(57, '2025-08-24 14:00:00', NULL, 57, 57),
(58, '2025-07-24 14:45:00', NULL, 58, 58),
(59, '2025-06-25 15:30:00', NULL, 59, 59),
(60, '2024-05-25 16:15:00', '2024-05-27 16:00:00', 60, 60);


INSERT INTO areas (id_area, nombre, extension, id_parques) VALUES
(1, 'Zona de camping Amacayacu', 500.50, 1),
(2, 'Zona de senderismo Tayrona', 1200.75, 2),
(3, 'Zona de observación Los Nevados', 800.25, 3),
(4, 'Zona de investigación Sierra Nevada', 1500.00, 4),
(5, 'Zona de descanso El Cocuy', 300.30, 5),
(6, 'Zona de camping Chingaza', 600.60, 6),
(7, 'Zona de senderismo Farallones', 900.80, 7),
(8, 'Zona de observación Puracé', 700.90, 8),
(9, 'Zona de investigación Macuira', 1300.10, 9),
(10, 'Zona de descanso Corales Rosario', 250.40, 10),
(11, 'Zona de camping Gorgona', 550.70, 11),
(12, 'Zona de senderismo Chiribiquete', 1400.85, 12),
(13, 'Zona de observación Utría', 750.35, 13),
(14, 'Zona de investigación Cahuinarí', 1600.20, 14),
(15, 'Zona de descanso La Paya', 280.50, 15),
(16, 'Zona de camping Tinigua', 620.90, 16),
(17, 'Zona de senderismo Catatumbo Barí', 950.95, 17),
(18, 'Zona de observación Alto Fragua Indi-Wasi', 850.45, 18),
(19, 'Zona de investigación Río Puré', 1700.30, 19),
(20, 'Zona de descanso Yaigojé Apaporis', 320.60, 20),
(21, 'Zona de camping Serranía Yariguíes', 580.70, 21),
(22, 'Zona de senderismo Selva Florencia', 1100.85, 22),
(23, 'Zona de observación Complejo Doña Juana', 780.35, 23),
(24, 'Zona de investigación Serranía Churumbelos', 1650.20, 24),
(25, 'Zona de descanso Bahía Portete', 290.50, 25),
(26, 'Zona de camping Orito Ingi-Ande', 630.90, 26),
(27, 'Zona de senderismo Pisba', 980.95, 27),
(28, 'Zona de observación Cordillera Picachos', 870.45, 28),
(29, 'Zona de investigación Las Orquídeas', 1750.30, 29),
(30, 'Zona de descanso Paramillo', 330.60, 30),
(31, 'Zona de camping Ensenada de Utría', 590.70, 31),
(32, 'Zona de senderismo Los Katíos', 1150.85, 32),
(33, 'Zona de observación Sierra Macarena', 790.35, 33),
(34, 'Zona de investigación El Tuparro', 1800.20, 34),
(35, 'Zona de descanso Serranía Lindosa', 340.50, 35),
(36, 'Zona de camping Bosque de Niebla', 640.90, 36),
(37, 'Zona de senderismo Valle del Cocora', 990.95, 37),
(38, 'Zona de observación Llanos de Yari', 880.45, 38),
(39, 'Zona de investigación Serranía Perijá', 1850.30, 39),
(40, 'Zona de descanso Cañón Río Claro', 350.60, 40),
(41, 'Zona de camping Montecristo', 600.70, 41),
(42, 'Zona de senderismo Laguna Cocha', 1200.85, 42),
(43, 'Zona de observación Isla Salamanca', 800.35, 43),
(44, 'Zona de investigación Ciénaga Santa Marta', 1900.20, 44),
(45, 'Zona de descanso Los Flamencos', 360.50, 45),
(46, 'Zona de camping Santuario Galeras', 650.90, 46),
(47, 'Zona de senderismo Santuario Iguaque', 1000.95, 47),
(48, 'Zona de observación Santuario Otún', 890.45, 48),
(49, 'Zona de investigación Santuario Malpelo', 1950.30, 49),
(50, 'Zona de descanso Santuario Colorados', 370.60, 50);

INSERT INTO personal_areas (id_area, id_personal) VALUES
(1, 154567890),
(1, 645678901),
(1, 878901234),
(1, 989012745),
(2, 501234567),
(2, 412345678),
(2, 434567890),
(2, 445678908),
(3, 656789012),
(3, 767890123),
(3, 478901234),
(3, 289012345),
(4, 220123456),
(4, 331234567),
(4, 772345678),
(4, 993456789),
(5, 114567890),
(5, 445678901),
(5, 976789012),
(5, 787890123),
(6, 148901234),
(6, 229012345),
(6, 360123456),
(6, 385234567),
(7, 312345678),
(7, 903456789),
(7, 334567890),
(7, 365678901),
(8, 786789012),
(8, 107890123),
(8, 308901234),
(8, 989012345),
(9, 970123456),
(9, 941234567),
(9, 922345678),
(9, 963456789),
(10, 924567890),
(10, 955678901),
(10, 586789012),
(10, 597890123),
(11, 154567890),
(11, 645678901),
(11, 878901234),
(11, 989012745),
(12, 501234567),
(12, 412345678),
(12, 434567890),
(12, 445678908),
(13, 656789012),
(13, 767890123),
(13, 478901234),
(13, 289012345),
(14, 220123456),
(14, 331234567),
(14, 772345678),
(14, 993456789),
(15, 114567890),
(15, 445678901),
(15, 976789012),
(15, 787890123),
(16, 154567890),
(16, 645678901),
(17, 878901234),
(17, 989012745),
(18, 501234567),
(18, 412345678),
(19, 434567890),
(19, 445678908),
(20, 656789012),
(20, 767890123),
(21, 478901234),
(21, 289012345),
(22, 220123456),
(22, 331234567),
(23, 772345678),
(23, 993456789),
(24, 114567890),
(24, 445678901),
(25, 976789012),
(25, 787890123),
(26, 148901234),
(26, 229012345),
(27, 360123456),
(27, 385234567),
(28, 312345678),
(28, 903456789),
(29, 334567890),
(29, 365678901),
(30, 786789012),
(30, 107890123),
(31, 308901234),
(31, 989012345),
(32, 970123456),
(32, 941234567),
(33, 922345678),
(33, 963456789),
(34, 924567890),
(34, 955678901),
(35, 586789012),
(35, 597890123),
(36, 154567890),  
(36, 645678901),  
(37, 878901234),
(37, 989012745),  
(38, 501234567), 
(38, 412345678),  
(39, 434567890), 
(39, 445678908), 
(40, 656789012), 
(40, 767890123), 
(41, 478901234), 
(41, 289012345),
(42, 220123456),  
(42, 331234567), 
(43, 772345678),  
(43, 993456789), 
(44, 114567890),  
(44, 445678901), 
(45, 976789012),
(45, 787890123), 
(46, 148901234), 
(46, 229012345),
(47, 360123456),  
(47, 385234567), 
(48, 312345678),  
(48, 903456789), 
(49, 334567890),  
(49, 365678901),  
(50, 786789012),  
(50, 107890123);  


INSERT INTO tipo_especie (id_tipo_especie, nombre) VALUES
(1, 'Animales'),
(2, 'Vegetales'),
(3, 'Minerales');


INSERT INTO especies (id_especie, id_tipo_especie, denominacion_cientifica, denominacion_vulgar, numero_individuos) VALUES
(1, 1, 'Panthera onca', 'Jaguar', 150),
(2, 1, 'Tapirus terrestris', 'Danta', 200),
(3, 1, 'Puma concolor', 'Puma', 100),
(4, 1, 'Tayassu pecari', 'Pecarí', 300),
(5, 1, 'Alouatta seniculus', 'Mono aullador', 500),
(6, 1, 'Ateles fusciceps', 'Mono araña', 250),
(7, 1, 'Myrmecophaga tridactyla', 'Oso hormiguero', 120),
(8, 1, 'Tremarctos ornatus', 'Oso de anteojos', 80),
(9, 1, 'Hydrochoerus hydrochaeris', 'Chigüiro', 1000),
(10, 1, 'Caiman crocodilus', 'Babilla', 800),
(11, 2, 'Ceiba pentandra', 'Ceiba', 500),
(12, 2, 'Anacardium excelsum', 'Caracolí', 300),
(13, 2, 'Mauritia flexuosa', 'Moriche', 400),
(14, 2, 'Cedrela odorata', 'Cedro', 250),
(15, 2, 'Swietenia macrophylla', 'Caoba', 200),
(16, 2, 'Hymenaea courbaril', 'Algarrobo', 350),
(17, 2, 'Ficus insipida', 'Higuerón', 600),
(18, 2, 'Quercus humboldtii', 'Roble andino', 450),
(19, 2, 'Euterpe oleracea', 'Palma de asaí', 700),
(20, 2, 'Ochroma pyramidale', 'Balso', 800),
(21, 3, 'Cuarzo', 'Cuarzo', 1000),
(22, 3, 'Oro', 'Oro', 500),
(23, 3, 'Esmeralda', 'Esmeralda', 300),
(24, 3, 'Plata', 'Plata', 400),
(25, 3, 'Cobre', 'Cobre', 600),
(26, 3, 'Hierro', 'Hierro', 700),
(27, 3, 'Grafito', 'Grafito', 200),
(28, 3, 'Mica', 'Mica', 350),
(29, 3, 'Feldespato', 'Feldespato', 450),
(30, 3, 'Magnetita', 'Magnetita', 300),
(31, 1, 'Saguinus leucopus', 'Tití cabeciblanco', 150),
(32, 1, 'Pteroglossus torquatus', 'Tucán collarejo', 400),
(33, 1, 'Ramphastos sulfuratus', 'Tucán pico iris', 300),
(34, 1, 'Ara macao', 'Guacamaya roja', 200),
(35, 1, 'Phyllobates terribilis', 'Rana dorada', 100),
(36, 1, 'Boa constrictor', 'Boa constrictor', 250),
(37, 1, 'Crocodylus acutus', 'Cocodrilo americano', 80),
(38, 1, 'Chelonoidis carbonarius', 'Morrocoy', 500),
(39, 1, 'Iguana iguana', 'Iguana verde', 600),
(40, 1, 'Potos flavus', 'Cusumbo', 300),
(41, 2, 'Heliconia rostrata', 'Heliconia', 400),
(42, 2, 'Passiflora edulis', 'Maracuyá', 600),
(43, 2, 'Theobroma cacao', 'Cacao', 300),
(44, 2, 'Coffea arabica', 'Café', 800),
(45, 2, 'Musa paradisiaca', 'Plátano', 1000),
(46, 2, 'Ananas comosus', 'Piña', 700),
(47, 2, 'Carica papaya', 'Papaya', 500),
(48, 2, 'Psidium guajava', 'Guayaba', 400),
(49, 2, 'Mangifera indica', 'Mango', 600),
(50, 2, 'Citrus sinensis', 'Naranja', 900);



INSERT INTO proyectos_investigacion (id_proyecto_investigacion, nombre, presupuesto, periodo_realizacion) VALUES
(1, 'Conservación del jaguar en el Parque Amacayacu', 5000000.00, '2023-01-01 00:00:00'),
(2, 'Estudio de la biodiversidad en el Parque Tayrona', 7500000.00, '2023-02-15 00:00:00'),
(3, 'Monitoreo de glaciares en el Parque Los Nevados', 6000000.00, '2023-03-10 00:00:00'),
(4, 'Protección de la Sierra Nevada de Santa Marta', 8000000.00, '2023-04-05 00:00:00'),
(5, 'Investigación de especies endémicas en el Parque El Cocuy', 5500000.00, '2023-05-20 00:00:00'),
(6, 'Restauración ecológica en el Parque Chingaza', 7000000.00, '2023-06-15 00:00:00'),
(7, 'Estudio de aves migratorias en el Parque Farallones', 6500000.00, '2023-07-01 00:00:00'),
(8, 'Conservación de anfibios en el Parque Puracé', 8500000.00, '2023-08-12 00:00:00'),
(9, 'Protección de la flora en el Parque Macuira', 9000000.00, '2023-09-25 00:00:00'),
(10, 'Investigación de corales en el Parque Corales Rosario', 9500000.00, '2023-10-30 00:00:00'),
(11, 'Monitoreo de especies marinas en el Parque Gorgona', 10000000.00, '2023-11-05 00:00:00'),
(12, 'Estudio de la biodiversidad en el Parque Chiribiquete', 10500000.00, '2023-12-10 00:00:00'),
(13, 'Conservación de la danta en el Parque Utría', 11000000.00, '2024-01-15 00:00:00'),
(14, 'Protección de la fauna en el Parque Cahuinarí', 11500000.00, '2024-02-20 00:00:00'),
(15, 'Restauración de hábitats en el Parque La Paya', 12000000.00, '2024-03-25 00:00:00'),
(16, 'Investigación de especies en el Parque Tinigua', 12500000.00, '2024-04-30 00:00:00'),
(17, 'Conservación del oso de anteojos en el Parque Catatumbo Barí', 13000000.00, '2024-05-05 00:00:00'),
(18, 'Estudio de la biodiversidad en el Parque Alto Fragua Indi-Wasi', 13500000.00, '2024-06-10 00:00:00'),
(19, 'Protección de la flora en el Parque Río Puré', 14000000.00, '2024-07-15 00:00:00'),
(20, 'Investigación de especies endémicas en el Parque Yaigojé Apaporis', 14500000.00, '2024-08-20 00:00:00'),
(21, 'Conservación de la guacamaya roja en el Parque Serranía Yariguíes', 15000000.00, '2024-09-01 00:00:00'),
(22, 'Estudio de la biodiversidad en el Parque Selva Florencia', 20000000.00, '2024-10-02 00:00:00'),
(23, 'Monitoreo de especies en el Parque Complejo Doña Juana', 18000000.00, '2024-11-03 00:00:00'),
(24, 'Protección de la fauna en el Parque Serranía Churumbelos', 22000000.00, '2024-12-04 00:00:00'),
(25, 'Investigación de especies en el Parque Bahía Portete', 25000000.00, '2025-01-05 00:00:00'),
(26, 'Conservación de la flora en el Parque Orito Ingi-Ande', 28000000.00, '2025-02-06 00:00:00'),
(27, 'Estudio de la biodiversidad en el Parque Pisba', 30000000.00, '2025-03-07 00:00:00'),
(28, 'Protección de especies en el Parque Cordillera Picachos', 32000000.00, '2025-04-08 00:00:00'),
(29, 'Investigación de la fauna en el Parque Las Orquídeas', 35000000.00, '2025-05-09 00:00:00'),
(30, 'Conservación de la danta en el Parque Paramillo', 38000000.00, '2025-06-10 00:00:00'),
(31, 'Estudio de la biodiversidad en el Parque Ensenada de Utría', 40000000.00, '2025-07-11 00:00:00'),
(32, 'Protección de especies en el Parque Los Katíos', 42000000.00, '2025-08-12 00:00:00'),
(33, 'Investigación de la flora en el Parque Sierra Macarena', 45000000.00, '2025-09-13 00:00:00'),
(34, 'Conservación de la fauna en el Parque El Tuparro', 48000000.00, '2025-10-14 00:00:00'),
(35, 'Estudio de la biodiversidad en el Parque Serranía Lindosa', 50000000.00, '2025-11-15 00:00:00'),
(36, 'Protección de especies en el Parque Bosque de Niebla', 52000000.00, '2025-12-16 00:00:00'),
(37, 'Investigación de la fauna en el Parque Valle del Cocora', 55000000.00, '2026-01-17 00:00:00'),
(38, 'Conservación de la flora en el Parque Llanos de Yari', 58000000.00, '2026-02-18 00:00:00'),
(39, 'Estudio de la biodiversidad en el Parque Serranía Perijá', 60000000.00, '2026-03-19 00:00:00'),
(40, 'Protección de especies en el Parque Cañón Río Claro', 62000000.00, '2026-04-20 00:00:00'),
(41, 'Investigación de la fauna en el Parque Montecristo', 65000000.00, '2026-05-21 00:00:00'),
(42, 'Conservación de la flora en el Parque Laguna Cocha', 68000000.00, '2026-06-22 00:00:00'),
(43, 'Estudio de la biodiversidad en el Parque Isla Salamanca', 70000000.00, '2026-07-23 00:00:00'),
(44, 'Protección de especies en el Parque Ciénaga Santa Marta', 72000000.00, '2026-08-24 00:00:00'),
(45, 'Investigación de la fauna en el Parque Los Flamencos', 75000000.00, '2026-09-25 00:00:00'),
(46, 'Conservación de la flora en el Parque Santuario Galeras', 78000000.00, '2026-10-26 00:00:00'),
(47, 'Estudio de la biodiversidad en el Parque Santuario Iguaque', 80000000.00, '2026-11-27 00:00:00'),
(48, 'Protección de especies en el Parque Santuario Otún', 82000000.00, '2026-12-28 00:00:00'),
(49, 'Investigación de la fauna en el Parque Santuario Malpelo', 85000000.00, '2027-01-29 00:00:00'),
(50, 'Conservación de la flora en el Parque Santuario Colorados', 88000000.00, '2027-02-28 00:00:00');



INSERT INTO especies_investigacion (id_especie, id_proyecto_investigacion) VALUES
(1, 1),
(2, 2),
(5, 2),
(10, 2),
(21, 3),
(22, 3),
(3, 4),
(8, 4),
(4, 5),
(7, 5),
(11, 6),
(12, 6),
(32, 7),
(33, 7),
(35, 8),
(13, 9),
(14, 9),
(21, 10),
(23, 10),
(10, 11),
(37, 11),
(1, 12),
(2, 12),
(2, 13),
(3, 14),
(6, 14),
(15, 15),
(16, 15),
(4, 16),
(9, 16),
(8, 17),
(17, 18),
(18, 18),
(19, 19),
(20, 19),
(31, 20),
(34, 20),
(34, 21),
(41, 22),
(42, 22),
(36, 23),
(38, 23),
(39, 24),
(40, 24),
(21, 25),
(24, 25),
(43, 26),
(44, 26),
(45, 27),
(46, 27),
(47, 28),
(48, 28),
(49, 29),
(50, 29),
(2, 30),
(10, 31),
(2, 32),
(11, 33),
(3, 34),
(17, 35),
(18, 36),
(4, 37),
(19, 38),
(20, 39),
(21, 40),
(22, 41),
(23, 42),
(24, 43),
(25, 44),
(26, 45),
(27, 46),
(28, 47),
(29, 48),
(30, 49),
(31, 50);



INSERT INTO personal_investigacion (id_personal, id_proyecto_investigacion) VALUES
(756789012, 1),
(990123456, 2),
(523456780, 3),
(445678908, 4),
(656789012, 5),
(767890123, 6),
(478901234, 7),
(289012345, 8),
(220123456, 9),
(331234567, 10),
(772345678, 11),
(993456789, 12),
(114567890, 13),
(445678901, 14),
(976789012, 15),
(787890123, 16),
(148901234, 17),
(229012345, 18),
(360123456, 19),
(385234567, 20),
(756789012, 21),
(990123456, 22),
(523456780, 23),
(445678908, 24),
(656789012, 25),
(767890123, 26),
(478901234, 27),
(289012345, 28),
(220123456, 29),
(331234567, 30),
(772345678, 31),
(993456789, 32),
(114567890, 33),
(445678901, 34),
(976789012, 35),
(787890123, 36),
(148901234, 37),
(229012345, 38),
(360123456, 39),
(385234567, 40),
(756789012, 41),
(990123456, 42),
(523456780, 43),
(445678908, 44),
(656789012, 45),
(767890123, 46),
(478901234, 47),
(289012345, 48),
(220123456, 49),
(331234567, 50);



INSERT INTO areas_especies (id_areas, id_especies) VALUES
(1, 1),
(2, 2),
(3, 3),
(4, 4),
(5, 5),
(6, 6),
(7, 7),
(8, 8),
(9, 9),
(10, 10),
(11, 10),
(12, 1),
(13, 2),
(14, 3),
(15, 4),
(16, 5),
(17, 6),
(18, 7),
(19, 8),
(1,2),
(20, 9),
(21, 11),
(22, 12),
(23, 13),
(24, 14),
(25, 15),
(26, 16),
(27, 17),
(28, 18),
(29, 19),
(30, 20),
(31, 21),
(32, 22),
(33, 23),
(34, 24),
(35, 25),
(36, 26),
(37, 27),
(38, 28),
(39, 29),
(40, 30),
(41, 31),
(42, 32),
(43, 33),
(44, 34),
(45, 35),
(46, 36),
(47, 37),
(48, 38),
(49, 39),
(50, 40);
